original_trip_id,new_trip_id
1372702836620000080,1404172796620000658
1373025987620000601,1404172796620000659
1373210896620000598,1404172796620000660
1373551710620000014,1404172796620000661
1374014097620000337,1404172796620000662
1374151597620000080,1404172796620000663
1374157861620000328,1404172796620000664
1374262188620000554,1404172796620000665
1378830230620000435,1404172796620000666
1378866507620000648,1404172796620000667
1381308181620000352,1404172796620000668
1381645412620000328,1404172796620000669
1381765723620000392,1404172796620000670
1381859675620000465,1404172796620000671
1382450880620000432,1404172796620000672
1383341250620000588,1404172796620000673
1383557098620000562,1404172796620000674
1385631430620000080,1404172796620000675
1385772222620000263,1404172796620000676
1385928574620000080,1404172796620000677
1385928575620000080,1404172796620000678
1386167379620000080,1404172796620000679
1386942349620000080,1404172796620000680
1386947218620000080,1404172796620000681
1387206043620000080,1404172796620000682
1387839159620000080,1404172796620000683
1387937085620000080,1404172796620000684
1387909459620000429,1404172796620000685
1388279758620000080,1404172796620000686
1388526838620000080,1404172796620000687
1389002485620000685,1404172796620000688
1389561280620000080,1404172796620000689
1389782974620000562,1404172796620000690
1391186543620000513,1404172796620000691
1391586783620000484,1404172796620000692
1391717369620000663,1404172796620000693
1391729840620000663,1404172796620000694
1391931520620000286,1404172796620000695
1392271509620000286,1404172796620000696
1392317061620000066,1404172796620000697
1392499655620000663,1404172796620000698
1392640481620000663,1404172796620000699
1392816672620000663,1404172796620000700
1393315427620000513,1404172796620000701
1393462842620000620,1404172796620000702
1393472034620000620,1404172796620000703
1393686091620000161,1404172796620000704
1393869017620000066,1404172796620000705
1394034338620000328,1404172796620000706
1394118360620000066,1404172796620000707
1394207135620000588,1404172796620000708
1395055378620000315,1404172796620000709
1395682280620000089,1404172796620000710
1396333938620000397,1404172796620000711
1397121307620000196,1404172796620000712
1397172149620000454,1404172796620000713
1397199117620000513,1404172796620000714
1397742650620000393,1404172796620000715
1398185156620000066,1404172796620000716
1398185157620000066,1404172796620000717
1399224694620000548,1404172796620000718
1399908941620000099,1404172796620000719
1399918717620000571,1404172796620000720
1400060661620000080,1404172796620000721
1401307305620000129,1404172796620000722
1401346641620000319,1404172796620000723
1401469148620000104,1404172796620000724
1401826158620000196,1404172796620000725
1401840748620000196,1404172796620000726
1402085470620000527,1404172796620000727
1402132342620000571,1404172796620000728
1402586210620000400,1404172796620000729
1402716036620000243,1404172796620000730
1403115272620000066,1404172796620000731
1403323491620000600,1404172796620000732
1403407180620000242,1404172796620000733
1403716904620000337,1404172796620000734
1404093316620000307,1404172796620000735
